scene_id,watershed_code,indicator,observation_date,value,unit,processing_method
S2-DEMO-JUN-2024-03-18,WTR-JUN-01,NDVI,2024-03-18,0.34,index,(B8-B4)/(B8+B4)
S2-DEMO-JUN-2024-03-18,WTR-JUN-01,NDWI,2024-03-18,0.05,index,(B3-B8)/(B3+B8)
S2-DEMO-JUN-2024-03-18,WTR-JUN-01,LULC,2024-03-18,58,percent_cropland,demo_class_area_share
S2-DEMO-JUN-2024-10-07,WTR-JUN-01,NDVI,2024-10-07,0.61,index,(B8-B4)/(B8+B4)
S2-DEMO-JUN-2024-10-07,WTR-JUN-01,NDWI,2024-10-07,0.14,index,(B3-B8)/(B3+B8)
S2-DEMO-JUN-2024-10-07,WTR-JUN-01,LULC,2024-10-07,64,percent_cropland,demo_class_area_share
S2-DEMO-JUN-2025-03-23,WTR-JUN-02,NDVI,2025-03-23,0.31,index,(B8-B4)/(B8+B4)
S2-DEMO-JUN-2025-03-23,WTR-JUN-02,NDWI,2025-03-23,0.03,index,(B3-B8)/(B3+B8)
S2-DEMO-JUN-2025-03-23,WTR-JUN-02,LULC,2025-03-23,55,percent_cropland,demo_class_area_share
S2-DEMO-JUN-2025-10-10,WTR-JUN-02,NDVI,2025-10-10,0.66,index,(B8-B4)/(B8+B4)
S2-DEMO-JUN-2025-10-10,WTR-JUN-02,NDWI,2025-10-10,0.18,index,(B3-B8)/(B3+B8)
S2-DEMO-JUN-2025-10-10,WTR-JUN-02,LULC,2025-10-10,69,percent_cropland,demo_class_area_share
S2-DEMO-MUL-2024-03-23,WTR-MUL-01,NDVI,2024-03-23,0.48,index,(B8-B4)/(B8+B4)
S2-DEMO-MUL-2024-03-23,WTR-MUL-01,NDWI,2024-03-23,0.1,index,(B3-B8)/(B3+B8)
S2-DEMO-MUL-2024-03-23,WTR-MUL-01,LULC,2024-03-23,71,percent_cropland,demo_class_area_share
S2-DEMO-MUL-2025-10-10,WTR-MUL-01,NDVI,2025-10-10,0.73,index,(B8-B4)/(B8+B4)
S2-DEMO-MUL-2025-10-10,WTR-MUL-01,NDWI,2025-10-10,0.22,index,(B3-B8)/(B3+B8)
S2-DEMO-MUL-2025-10-10,WTR-MUL-01,LULC,2025-10-10,77,percent_cropland,demo_class_area_share
